<keymap version="1" name="Ziposoft" parent="Visual Studio">
  <action id="Build">
    <keyboard-shortcut first-keystroke="f6" />
  </action>
  <action id="CommentByLineComment">
    <keyboard-shortcut first-keystroke="ctrl alt slash" />
    <keyboard-shortcut first-keystroke="ctrl alt divide" />
  </action>
  <action id="Debugger.MarkObject" />
  <action id="EditorDeleteLine">
    <keyboard-shortcut first-keystroke="ctrl l" />
    <keyboard-shortcut first-keystroke="ctrl k" />
  </action>
  <action id="GotoNextBookmark" />
  <action id="GotoPreviousBookmark" />
  <action id="InsertLiveTemplate">
    <keyboard-shortcut first-keystroke="ctrl e" second-keystroke="l" />
    <keyboard-shortcut first-keystroke="ctrl e" second-keystroke="ctrl l" />
  </action>
  <action id="QuickJavaDoc">
    <keyboard-shortcut first-keystroke="shift ctrl f1" />
  </action>
  <action id="ReformatCode">
    <keyboard-shortcut first-keystroke="ctrl alt enter" />
  </action>
  <action id="ShowBookmarks">
    <keyboard-shortcut first-keystroke="ctrl back_quote" />
  </action>
  <action id="SurroundWithLiveTemplate">
    <keyboard-shortcut first-keystroke="ctrl e" second-keystroke="u" />
    <keyboard-shortcut first-keystroke="ctrl e" second-keystroke="ctrl u" />
  </action>
  <action id="SwitchHeaderSource">
    <keyboard-shortcut first-keystroke="alt o" />
  </action>
  <action id="ToggleBookmark" />
  <action id="ToggleRenderedDocPresentation" />
  <action id="Vcs.Log.ShowTooltip">
    <keyboard-shortcut first-keystroke="shift ctrl f1" />
  </action>
  <action id="Vcs.ReformatCommitMessage">
    <keyboard-shortcut first-keystroke="ctrl alt enter" />
  </action>
</keymap>