<application>
  <component name="GeneralSettings">
    <option name="confirmExit" value="false" />
    <option name="confirmOpenNewProject2" value="0" />
  </component>
  <component name="Registry">
    <entry key="moved.to.new.ui" value="true" source="SYSTEM" />
    <entry key="cache.folding.model.on.disk" value="false" source="SYSTEM" />
    <entry key="clang.parameter.info" value="true" source="SYSTEM" />
    <entry key="idea.islands.feedback2.enabled" value="false" source="MANAGER" />
  </component>
  <component name="StatusBar">
    <option name="widgets">
      <map>
        <entry key="Memory" value="true" />
        <entry key="PowerSaveMode" value="true" />
        <entry key="git" value="false" />
        <entry key="webDeployment.default.server.widget" value="false" />
      </map>
    </option>
  </component>
</application>